{"stats":{"minecraft:mined":{"minecraft:grass":1,"minecraft:birch_log":5},"minecraft:picked_up":{"minecraft:birch_log":5},"minecraft:used":{"minecraft:wooden_axe":2,"minecraft:crafting_table":1},"minecraft:custom":{"minecraft:time_since_rest":2950,"minecraft:crouch_one_cm":182,"minecraft:play_time":2950,"minecraft:sprint_one_cm":7937,"minecraft:walk_one_cm":2817,"minecraft:sneak_time":94,"minecraft:walk_under_water_one_cm":1120,"minecraft:jump":53,"minecraft:damage_dealt":30,"minecraft:leave_game":1,"minecraft:time_since_death":2950,"minecraft:walk_on_water_one_cm":467,"minecraft:total_world_time":2950,"minecraft:swim_one_cm":3983,"minecraft:interact_with_crafting_table":1,"minecraft:fall_one_cm":1672,"minecraft:fly_one_cm":16261},"minecraft:crafted":{"minecraft:birch_planks":12,"minecraft:crafting_table":1,"minecraft:stick":4,"minecraft:wooden_axe":1}},"DataVersion":3465}