{"stats":{"minecraft:mined":{"minecraft:tall_grass":1},"minecraft:used":{"alexsmobs:animal_dictionary":1},"minecraft:custom":{"minecraft:jump":37,"minecraft:time_since_rest":5687,"minecraft:leave_game":1,"minecraft:sprint_one_cm":4869,"minecraft:play_time":5687,"minecraft:walk_on_water_one_cm":1283,"minecraft:time_since_death":5687,"minecraft:walk_one_cm":5005,"minecraft:total_world_time":5687,"minecraft:walk_under_water_one_cm":85,"minecraft:fall_one_cm":627,"minecraft:fly_one_cm":9012}},"DataVersion":3465}